Agent, Time, Method, Resource, Version,Status
node-superagent/2.3.0,2017-08-09T22:16:04.960Z,GET,/,HTTP/1.1,200
node-superagent/2.3.0,2017-08-09T22:16:04.996Z,GET,/,HTTP/1.1,200
node-superagent/2.3.0,2017-08-09T22:16:05.006Z,GET,/,HTTP/1.1,200
node-superagent/2.3.0,2017-08-09T22:16:05.012Z,GET,/,HTTP/1.1,200
node-superagent/2.3.0,2017-08-09T22:16:05.015Z,GET,/,HTTP/1.1,200
node-superagent/2.3.0,2017-08-09T22:16:05.018Z,GET,/,HTTP/1.1,200
node-superagent/2.3.0,2017-08-09T22:16:05.020Z,GET,/,HTTP/1.1,200
node-superagent/2.3.0,2017-08-09T22:16:05.024Z,GET,/,HTTP/1.1,200
node-superagent/2.3.0,2017-08-09T22:16:05.027Z,GET,/logs,HTTP/1.1,200
node-superagent/2.3.0,2017-08-09T22:16:05.029Z,GET,/logs,HTTP/1.1,200
node-superagent/2.3.0,2017-08-09T22:16:14.759Z,GET,/,HTTP/1.1,200
node-superagent/2.3.0,2017-08-09T22:16:14.788Z,GET,/,HTTP/1.1,200
node-superagent/2.3.0,2017-08-09T22:16:14.792Z,GET,/,HTTP/1.1,200
node-superagent/2.3.0,2017-08-09T22:16:14.800Z,GET,/,HTTP/1.1,200
node-superagent/2.3.0,2017-08-09T22:16:14.803Z,GET,/,HTTP/1.1,200
node-superagent/2.3.0,2017-08-09T22:16:14.805Z,GET,/,HTTP/1.1,200
node-superagent/2.3.0,2017-08-09T22:16:14.809Z,GET,/,HTTP/1.1,200
node-superagent/2.3.0,2017-08-09T22:16:14.817Z,GET,/,HTTP/1.1,200
node-superagent/2.3.0,2017-08-09T22:16:14.821Z,GET,/logs,HTTP/1.1,200
node-superagent/2.3.0,2017-08-09T22:16:14.825Z,GET,/logs,HTTP/1.1,200